{"cameraMode":{"drawMode":0,"name":"Shaded","section":"Shading Mode"},"sceneLighting":true,"audioPlay":false,"sceneViewState":{"m_AlwaysRefresh":false,"showFog":true,"showSkybox":true,"showFlares":true,"showImageEffects":true,"showParticleSystems":true,"showVisualEffectGraphs":true,"m_FxEnabled":true},"in2DMode":false,"pivot":{"x":1.2848906517028809,"y":-0.8830748796463013,"z":-1.5204486846923829},"rotation":{"x":0.29835957288742068,"y":0.1031196340918541,"z":-0.032433491200208667,"w":0.9483358860015869},"size":4.022364616394043,"orthographic":false}