{"cameraMode":{"drawMode":0,"name":"Shaded","section":"Shading Mode"},"sceneLighting":true,"audioPlay":false,"sceneViewState":{"m_AlwaysRefresh":false,"showFog":true,"showSkybox":false,"showFlares":true,"showImageEffects":true,"showParticleSystems":true,"showVisualEffectGraphs":true,"m_FxEnabled":true},"in2DMode":false,"pivot":{"x":-0.01159935723990202,"y":1.0951340198516846,"z":-0.12323552370071411},"rotation":{"x":-0.0007477696053683758,"y":-0.9607473611831665,"z":-0.002583942376077175,"w":0.27741914987564089},"size":0.5038203001022339,"orthographic":false}